id,name,description,website,category,automation,webcam_support,multiplatform_casting,pricing,rating,social_media_platforms,key_features
1,Restream,Cloud live streaming and multistreaming platform,https://restream.io,Multistreaming,High,Yes,Yes,Freemium,4.6,"Facebook, YouTube, Twitch, LinkedIn, Twitter, Kick, TikTok, Instagram","Scheduled streams, Recurring events, Auto-recording, Chat aggregation, Analytics"
2,StreamYard,Browser-based live streaming studio with built-in branding,https://streamyard.com,Studio Platform,Medium,Yes,Yes,Freemium,4.5,"Facebook, YouTube, LinkedIn, Twitch, Twitter, Instagram","Pre-recorded broadcasts, Scheduling, Branding tools, Guest management, Screen sharing"
3,OneStream Live,Automated scheduling of live and pre-recorded video to 40+ platforms,https://onestream.live,Multistreaming,Very High,Yes,Yes,Paid,4.7,"Facebook, YouTube, Twitch, LinkedIn, Twitter, Vimeo, Instagram, Custom RTMP","Schedule pre-recorded as live, Multi-account management, VOD optimization, Cloud-based, 40+ platform support"
4,Castr,Cloud-based multistreaming with real-time and scheduled automation,https://castr.io,Multistreaming,High,Yes,Yes,Freemium,4.4,"Facebook, YouTube, Twitch, LinkedIn, Twitter, Custom RTMP","Automated scheduling, VOD to live, Stream archiving, Analytics, Cloud recording"
5,Streamlabs Ultra,Automated streaming tools for multi-platform broadcasting with monetization,https://streamlabs.com,Creator Platform,High,Yes,Yes,Freemium,4.3,"YouTube, Twitch, Facebook, Trovo, TikTok","Cloud multistreaming, Scheduled broadcasts, Analytics, Monetization tools, Overlays and alerts"
6,Switchboard Live,Powerful simulcasting and workflow automation for organizations and events,https://switchboard.live,Enterprise,Very High,Yes,Yes,Paid,4.6,"Facebook, YouTube, Twitter, Twitch, LinkedIn","Workflow triggers, Scheduled streams, Enterprise integration, Advanced automation, Team collaboration"
7,BoxCast,Automated live streaming for sports, churches, and government with emphasis on scheduling,https://boxcast.com,Vertical Solution,High,Yes,Yes,Paid,4.5,"Facebook, YouTube, Twitter/Periscope","Scheduled broadcasts, Cloud recordings, Ticketing, Analytics, DVR capabilities"
8,Melon,Simple cloud-based live streaming platform by Streamlabs with scheduling,https://melonapp.com,Creator Platform,Medium,Yes,Yes,Free,4.2,"YouTube, Facebook, LinkedIn, Twitch, Twitter","Scheduled streams, Guest invites, Branding overlays, Chat integration, Simple interface"
9,YouNow,Social live streaming platform combining video broadcasting with social media features,https://younow.com,Social Platform,Low,Yes,No,Free,3.9,"Built-in social features","Live profiles, Fan following system, In-app chat, Monetization, Social discovery"
10,Vimeo OTT,White-label video streaming platform with customizable social features,https://ott.vimeo.com,SaaS Platform,Very High,Yes,No,Paid,4.5,"Custom integration, Social login, Embeddable","Custom branding, User profiles, Paywall/monetization, Analytics, API access"
